SMA_200,VWAP,Fib_50,Bullish_Engulfing,Daily_Pivots,MACD,Vol_SMA,Stoch_Buy,Stoch_Sell,Avg_Return_%,Avg_Trades,BTC_Ret,ETH_Ret,SOL_Ret
False,False,True,True,True,False,True,30,70,5.2747415429820945,0.16666666666666666,0.0,0.0,15.824224628946283
False,False,True,True,True,False,True,40,60,4.907030521855357,0.3333333333333333,0.0,-1.1031330633802128,15.824224628946283
True,False,False,True,True,False,True,40,60,4.267326162010043,0.6666666666666666,0.0,-1.1031330633802128,13.905111549410343
True,False,False,True,False,True,False,40,60,4.099060626040673,0.6666666666666666,0.0,-2.174185658336125,14.471367536458146
False,True,False,True,False,False,True,20,80,3.7903433074485036,1.1666666666666667,6.512090161551143,0.545704748693665,4.313235012100702
True,True,False,True,False,True,False,40,60,3.3738462640688436,0.6666666666666666,0.0,-4.3498287442516155,14.471367536458146
False,False,False,True,False,False,True,20,80,3.235704008393925,5.166666666666667,5.957436005143313,12.501253830113113,-8.75157781007465
True,False,False,True,True,False,True,30,70,2.7758507294185426,0.3333333333333333,0.0,0.0,8.327552188255627
False,False,False,True,False,True,True,30,70,2.711804756072152,1.6666666666666667,10.99034711372202,11.092957305514739,-13.947890151020303
False,True,False,True,False,False,False,40,60,2.4438165710950073,12.166666666666666,4.174439021066534,21.59984393413228,-18.442833241913792
False,True,True,True,False,False,False,20,80,2.368553793586185,0.8333333333333334,-1.91218182373033,0.545704748693665,8.47213845579522
True,False,False,True,False,False,True,40,60,2.1978662521648444,2.5,8.629791621401983,-10.213304379999865,8.177111515092417
False,False,False,True,False,True,False,30,70,1.6771140663588757,3.3333333333333335,-10.348148558174175,22.642600527426595,-7.263109770175791
False,False,False,True,False,False,False,40,60,1.0942051780550708,31.833333333333332,3.6980287554296165,10.216075717691542,-10.631488938955947
True,False,True,True,True,False,True,30,70,0.7983883127968383,0.16666666666666666,0.0,0.0,2.395164938390515
False,False,False,True,False,False,False,30,70,0.7341812357591866,26.166666666666668,4.2563828361690925,1.4522356121323465,-3.506074741023879
False,False,False,True,False,False,True,30,70,0.6189643539690981,8.333333333333334,-5.469362081696493,31.118196643971395,-23.791941500367606
False,True,False,True,False,True,False,30,70,0.5912310320661973,2.6666666666666665,-8.747444047475561,17.784246913849945,-7.263109770175791
True,False,False,False,True,True,True,40,60,0.5514874880940417,0.5,0.0,4.819930598744859,-3.1654681344627345
True,True,False,False,True,True,True,40,60,0.5514874880940417,0.5,0.0,4.819930598744859,-3.1654681344627345
True,True,False,True,False,False,False,40,60,0.4795551405516611,3.1666666666666665,-0.21047799548171708,4.869401098120263,-3.2202576809835626
True,False,True,True,True,False,True,40,60,0.4306772916701007,0.3333333333333333,0.0,-1.1031330633802128,2.395164938390515
True,False,False,True,False,False,True,30,70,0.344897831065627,2.0,8.765288688180428,-9.211789613575949,1.481194418592402
False,True,True,True,False,False,True,30,70,0.18190158289788833,0.16666666666666666,0.0,0.545704748693665,0.0
True,True,False,True,False,False,True,30,70,0.18190158289788833,0.16666666666666666,0.0,0.545704748693665,0.0
True,True,True,True,False,False,True,30,70,0.18190158289788833,0.16666666666666666,0.0,0.545704748693665,0.0
True,True,False,True,False,False,True,20,80,0.18190158289788833,0.16666666666666666,0.0,0.545704748693665,0.0
True,True,True,True,False,False,True,20,80,0.18190158289788833,0.16666666666666666,0.0,0.545704748693665,0.0
False,True,True,True,False,False,True,20,80,0.18190158289788833,0.16666666666666666,0.0,0.545704748693665,0.0
False,False,True,False,True,True,True,20,80,0.0,0.0,0.0,0.0,0.0
False,False,True,False,True,True,False,20,80,0.0,0.0,0.0,0.0,0.0
False,False,False,True,True,True,True,20,80,0.0,0.0,0.0,0.0,0.0
False,False,True,True,True,True,True,30,70,0.0,0.0,0.0,0.0,0.0
False,False,True,True,True,True,True,40,60,0.0,0.0,0.0,0.0,0.0
False,False,True,True,True,True,False,20,80,0.0,0.0,0.0,0.0,0.0
False,False,True,True,True,True,False,30,70,0.0,0.0,0.0,0.0,0.0
False,False,True,True,True,True,False,40,60,0.0,0.0,0.0,0.0,0.0
False,False,True,True,True,False,True,20,80,0.0,0.0,0.0,0.0,0.0
False,False,True,True,False,True,False,20,80,0.0,0.0,0.0,0.0,0.0
False,False,True,True,False,True,True,20,80,0.0,0.0,0.0,0.0,0.0
False,False,True,False,False,True,True,20,80,0.0,0.0,0.0,0.0,0.0
True,True,False,True,True,True,False,30,70,0.0,0.0,0.0,0.0,0.0
False,False,True,True,True,True,True,20,80,0.0,0.0,0.0,0.0,0.0
True,True,False,True,False,True,False,20,80,0.0,0.0,0.0,0.0,0.0
True,True,False,True,False,True,True,20,80,0.0,0.0,0.0,0.0,0.0
True,True,False,True,True,False,True,30,70,0.0,0.0,0.0,0.0,0.0
True,True,False,True,False,True,True,40,60,0.0,0.0,0.0,0.0,0.0
True,True,False,True,False,True,True,30,70,0.0,0.0,0.0,0.0,0.0
False,True,False,False,True,True,False,20,80,0.0,0.0,0.0,0.0,0.0
False,True,False,False,True,True,True,20,80,0.0,0.0,0.0,0.0,0.0
True,True,False,True,True,True,True,30,70,0.0,0.0,0.0,0.0,0.0
True,True,False,True,True,True,True,20,80,0.0,0.0,0.0,0.0,0.0
True,True,False,True,True,True,True,40,60,0.0,0.0,0.0,0.0,0.0
True,True,False,True,True,True,False,20,80,0.0,0.0,0.0,0.0,0.0
True,True,True,False,False,True,True,20,80,0.0,0.0,0.0,0.0,0.0
True,True,True,False,False,True,False,20,80,0.0,0.0,0.0,0.0,0.0
False,False,False,True,True,True,False,20,80,0.0,0.0,0.0,0.0,0.0
True,True,True,True,False,True,False,30,70,0.0,0.0,0.0,0.0,0.0
True,True,True,False,True,False,True,20,80,0.0,0.0,0.0,0.0,0.0
False,False,False,False,True,True,False,20,80,0.0,0.0,0.0,0.0,0.0
True,True,True,False,True,True,False,20,80,0.0,0.0,0.0,0.0,0.0
True,True,True,True,False,True,False,40,60,0.0,0.0,0.0,0.0,0.0
False,False,False,False,True,True,True,20,80,0.0,0.0,0.0,0.0,0.0
True,True,True,False,True,True,True,20,80,0.0,0.0,0.0,0.0,0.0
False,True,True,False,True,True,True,20,80,0.0,0.0,0.0,0.0,0.0
False,True,True,False,True,True,False,20,80,0.0,0.0,0.0,0.0,0.0
False,True,True,False,False,True,True,20,80,0.0,0.0,0.0,0.0,0.0
False,True,True,False,False,True,False,20,80,0.0,0.0,0.0,0.0,0.0
False,True,False,True,True,True,False,20,80,0.0,0.0,0.0,0.0,0.0
False,True,False,True,True,True,True,20,80,0.0,0.0,0.0,0.0,0.0
False,True,False,True,True,False,True,20,80,0.0,0.0,0.0,0.0,0.0
True,True,False,False,True,True,False,20,80,0.0,0.0,0.0,0.0,0.0
True,True,False,False,True,True,True,20,80,0.0,0.0,0.0,0.0,0.0
True,True,False,True,True,False,True,20,80,0.0,0.0,0.0,0.0,0.0
False,True,True,True,True,False,True,20,80,0.0,0.0,0.0,0.0,0.0
False,True,True,True,True,True,False,40,60,0.0,0.0,0.0,0.0,0.0
False,True,True,True,False,True,False,20,80,0.0,0.0,0.0,0.0,0.0
False,True,True,True,False,True,True,30,70,0.0,0.0,0.0,0.0,0.0
False,True,True,True,False,True,False,30,70,0.0,0.0,0.0,0.0,0.0
True,True,False,False,False,True,True,20,80,0.0,0.0,0.0,0.0,0.0
True,False,False,False,False,True,True,20,80,0.0,0.0,0.0,0.0,0.0
False,True,True,True,True,True,True,20,80,0.0,0.0,0.0,0.0,0.0
False,True,True,True,True,True,True,30,70,0.0,0.0,0.0,0.0,0.0
False,True,True,True,True,True,True,40,60,0.0,0.0,0.0,0.0,0.0
False,True,True,True,True,True,False,20,80,0.0,0.0,0.0,0.0,0.0
False,True,True,True,True,True,False,30,70,0.0,0.0,0.0,0.0,0.0
True,False,False,False,True,True,True,20,80,0.0,0.0,0.0,0.0,0.0
True,False,False,False,True,True,False,20,80,0.0,0.0,0.0,0.0,0.0
True,False,True,True,False,True,True,40,60,0.0,0.0,0.0,0.0,0.0
True,False,True,True,False,True,False,20,80,0.0,0.0,0.0,0.0,0.0
True,False,True,True,False,True,True,20,80,0.0,0.0,0.0,0.0,0.0
True,False,True,True,False,True,True,30,70,0.0,0.0,0.0,0.0,0.0
True,False,True,True,True,False,True,20,80,0.0,0.0,0.0,0.0,0.0
True,False,True,True,True,True,False,40,60,0.0,0.0,0.0,0.0,0.0
False,True,True,True,False,True,True,20,80,0.0,0.0,0.0,0.0,0.0
False,True,True,True,True,False,True,30,70,0.0,0.0,0.0,0.0,0.0
True,False,True,True,True,True,False,20,80,0.0,0.0,0.0,0.0,0.0
True,False,True,True,True,True,False,30,70,0.0,0.0,0.0,0.0,0.0
True,False,True,True,True,True,True,40,60,0.0,0.0,0.0,0.0,0.0
True,False,True,True,True,True,True,30,70,0.0,0.0,0.0,0.0,0.0
True,False,True,False,True,True,False,20,80,0.0,0.0,0.0,0.0,0.0
True,False,True,False,True,True,True,20,80,0.0,0.0,0.0,0.0,0.0
True,False,True,True,True,True,True,20,80,0.0,0.0,0.0,0.0,0.0
True,False,True,False,True,False,True,20,80,0.0,0.0,0.0,0.0,0.0
True,False,True,True,False,True,False,30,70,0.0,0.0,0.0,0.0,0.0
True,False,True,True,False,True,False,40,60,0.0,0.0,0.0,0.0,0.0
True,False,False,True,False,True,False,20,80,0.0,0.0,0.0,0.0,0.0
True,False,False,True,False,True,True,40,60,0.0,0.0,0.0,0.0,0.0
True,False,False,True,False,True,True,20,80,0.0,0.0,0.0,0.0,0.0
True,False,False,True,False,True,True,30,70,0.0,0.0,0.0,0.0,0.0
True,False,False,True,True,True,False,30,70,0.0,0.0,0.0,0.0,0.0
True,False,False,True,True,True,False,20,80,0.0,0.0,0.0,0.0,0.0
True,False,False,True,True,True,True,40,60,0.0,0.0,0.0,0.0,0.0
True,False,False,True,True,True,True,30,70,0.0,0.0,0.0,0.0,0.0
True,False,False,True,True,True,True,20,80,0.0,0.0,0.0,0.0,0.0
True,False,True,False,False,True,True,20,80,0.0,0.0,0.0,0.0,0.0
True,True,True,True,False,True,False,20,80,0.0,0.0,0.0,0.0,0.0
True,True,True,True,False,True,True,40,60,0.0,0.0,0.0,0.0,0.0
True,True,True,True,False,True,True,30,70,0.0,0.0,0.0,0.0,0.0
True,True,True,True,False,True,True,20,80,0.0,0.0,0.0,0.0,0.0
True,True,True,True,True,False,True,30,70,0.0,0.0,0.0,0.0,0.0
True,True,True,True,True,False,True,20,80,0.0,0.0,0.0,0.0,0.0
True,True,True,True,True,True,False,40,60,0.0,0.0,0.0,0.0,0.0
True,True,True,True,True,True,False,30,70,0.0,0.0,0.0,0.0,0.0
True,True,True,True,True,True,False,20,80,0.0,0.0,0.0,0.0,0.0
True,True,True,True,True,True,True,40,60,0.0,0.0,0.0,0.0,0.0
True,True,True,True,True,True,True,30,70,0.0,0.0,0.0,0.0,0.0
True,True,True,True,True,True,True,20,80,0.0,0.0,0.0,0.0,0.0
False,True,False,True,False,True,True,30,70,-0.09121732974500066,1.3333333333333333,4.210866795555579,11.092957305514739,-15.57747609030532
True,True,False,True,False,False,True,40,60,-0.18781605473260726,0.5,0.0,-0.5634481641978217,0.0
True,True,True,True,False,False,True,40,60,-0.18781605473260726,0.5,0.0,-0.5634481641978217,0.0
False,True,True,True,False,False,False,30,70,-0.18949261558827146,1.1666666666666667,-9.586321051253698,0.545704748693665,8.47213845579522
False,False,True,True,False,True,False,30,70,-0.26254692167522187,0.3333333333333333,-0.7876407650256656,0.0,0.0
False,False,True,True,False,False,True,40,60,-0.2779390121546821,2.5,6.702770032476613,-6.943592739811766,-0.592994329128893
False,True,True,True,True,False,True,40,60,-0.3677110211267376,0.16666666666666666,0.0,-1.1031330633802128,0.0
True,True,True,True,True,False,True,40,60,-0.3677110211267376,0.16666666666666666,0.0,-1.1031330633802128,0.0
True,True,False,True,True,False,True,40,60,-0.3677110211267376,0.16666666666666666,0.0,-1.1031330633802128,0.0
True,False,False,True,True,False,False,40,60,-0.7485468992165623,3.6666666666666665,5.819638432892216,0.6802095419496057,-8.745488672491508
True,True,False,False,False,True,False,20,80,-0.8438059482506163,0.0,-2.5314178447518487,0.0,0.0
True,False,False,True,True,False,True,20,80,-1.0315729570578727,0.0,0.0,0.0,-3.0947188711736184
True,False,False,True,True,True,False,40,60,-1.4499429147505385,0.3333333333333333,0.0,-4.3498287442516155,0.0
True,True,False,True,True,True,False,40,60,-1.4499429147505385,0.3333333333333333,0.0,-4.3498287442516155,0.0
False,False,True,True,True,False,False,30,70,-1.5551505129909917,1.0,-21.551904089138006,-3.3133710444207765,20.19982359458581
False,False,False,True,True,False,True,30,70,-1.695744003344805,1.1666666666666667,0.0,13.4964946610175,-18.583726671051913
False,True,True,True,False,True,False,40,60,-1.7694028038609533,0.3333333333333333,0.0,0.0,-5.30820841158286
False,True,True,True,False,True,True,40,60,-1.7694028038609533,0.3333333333333333,0.0,0.0,-5.30820841158286
True,True,False,True,True,False,False,40,60,-1.797330459572714,2.0,3.965683901766992,-2.3304554298939517,-7.027219850591182
True,False,True,True,True,False,False,30,70,-1.7981907953395715,1.0,-21.551904089138006,-4.042491891466515,20.19982359458581
False,False,False,True,True,True,False,30,70,-1.8501346236257394,0.8333333333333334,-10.70423374816345,12.539894252634976,-7.386064375348744
False,True,True,True,True,False,False,30,70,-1.8789349137996976,0.3333333333333333,-5.636804741399093,0.0,0.0
True,True,True,True,True,False,False,30,70,-1.8789349137996976,0.3333333333333333,-5.636804741399093,0.0,0.0
False,True,True,True,False,False,True,40,60,-1.9572188585935606,0.8333333333333334,0.0,-0.5634481641978217,-5.30820841158286
False,False,True,True,False,True,False,40,60,-2.031949725536175,0.6666666666666666,-0.7876407650256656,0.0,-5.30820841158286
False,True,True,True,False,False,False,40,60,-2.1867411712292744,2.5,-11.019206249621838,-0.3918426940302533,4.850825429964267
False,True,False,False,False,True,True,20,80,-2.2150874050640716,0.0,-6.645262215192216,0.0,0.0
False,False,False,True,False,True,True,20,80,-2.2150874050640716,0.16666666666666666,-6.645262215192216,0.0,0.0
False,False,False,False,False,True,True,20,80,-2.2150874050640716,0.16666666666666666,-6.645262215192216,0.0,0.0
False,True,False,True,False,True,True,20,80,-2.2150874050640716,0.0,-6.645262215192216,0.0,0.0
False,False,False,True,True,False,True,20,80,-2.2725319285174,0.3333333333333333,0.0,-8.305509510400178,1.487913724847978
True,False,True,False,False,True,False,20,80,-2.2993353641990177,0.0,0.0,0.0,-6.898006092597053
True,True,True,True,False,False,False,20,80,-2.6426916557312814,0.5,-8.473779715887508,0.545704748693665,0.0
True,True,False,True,False,False,False,20,80,-2.7468545578169286,1.0,-1.7590485715532678,0.545704748693665,-7.027219850591182
True,True,True,True,False,False,False,30,70,-3.0135387675200116,0.8333333333333334,-9.586321051253698,0.545704748693665,0.0
True,False,False,False,False,True,False,20,80,-3.143141312449634,0.0,-2.5314178447518487,0.0,-6.898006092597053
True,True,False,True,False,False,False,30,70,-3.4063908991473935,1.8333333333333333,-5.8708660963729065,0.545704748693665,-4.894011349762939
False,True,True,False,True,False,True,20,80,-3.4912154859700193,0.0,-10.473646457910057,0.0,0.0
False,False,True,False,True,False,True,20,80,-3.4912154859700193,0.0,-10.473646457910057,0.0,0.0
True,True,True,True,True,False,False,20,80,-3.5334578263968206,0.16666666666666666,-10.600373479190461,0.0,0.0
False,True,True,True,True,False,False,20,80,-3.5334578263968206,0.16666666666666666,-10.600373479190461,0.0,0.0
True,False,True,True,True,False,False,20,80,-3.5334578263968206,0.16666666666666666,-10.600373479190461,0.0,0.0
False,False,True,True,True,False,False,20,80,-3.5334578263968206,0.16666666666666666,-10.600373479190461,0.0,0.0
False,False,True,True,False,False,True,30,70,-3.5767347894977153,1.8333333333333333,6.702770032476613,-25.50565658485906,8.072682183889302
False,False,True,True,False,False,False,20,80,-3.589832814218452,3.1666666666666665,-0.9518304273889222,-13.260626864549574,3.4429588492831398
True,True,True,True,False,False,False,40,60,-3.8036829812173636,1.8333333333333333,-11.019206249621838,-0.3918426940302533,0.0
True,True,False,True,True,False,False,30,70,-4.221341530663425,0.6666666666666666,-5.636804741399093,0.0,-7.027219850591182
False,False,False,True,True,False,False,40,60,-4.687897986943476,7.0,1.0114251128179763,2.4212177588329276,-17.49633683248133
True,False,True,True,False,False,False,20,80,-4.737485763979499,2.1666666666666665,-0.9518304273889222,-13.260626864549574,0.0
True,False,True,True,False,False,False,40,60,-5.052852845955794,4.166666666666667,-2.3712217305802863,-17.311576758719703,4.524239951432607
False,False,False,True,True,False,True,40,60,-5.114938205911102,2.0,-9.005565249316149,12.24447730263476,-18.583726671051913
False,True,False,True,False,False,False,30,70,-5.494625060028424,8.5,2.1985365493427,8.725722047366213,-27.408133776794187
True,False,True,True,False,False,True,30,70,-5.556579845386652,1.1666666666666667,8.778333977701402,-25.50565658485906,0.0575830709977021
True,False,False,False,False,True,False,40,60,-5.612172639925895,4.166666666666667,-1.520928311216585,1.9503699538968355,-17.265959562457933
True,False,False,False,False,False,True,40,60,-5.715828023341418,10.666666666666666,-3.944119355287279,3.3598563812348603,-16.563221095971837
False,False,False,False,True,True,True,40,60,-5.762772421800736,2.0,-2.7335911123877565,-16.372040316991598,1.8173141639771462
False,True,False,False,True,True,True,40,60,-5.762772421800736,2.0,-2.7335911123877565,-16.372040316991598,1.8173141639771462
True,False,True,True,False,False,False,30,70,-5.783147191113906,3.1666666666666665,-2.8093215210303835,-19.064360003743943,4.524239951432607
True,False,True,True,False,False,True,40,60,-5.830503756240054,1.5,8.778333977701402,-26.327428317419265,0.0575830709977021
True,True,False,True,True,False,False,20,80,-5.875864443260548,0.3333333333333333,-10.600373479190461,0.0,-7.027219850591182
True,False,False,True,False,False,False,20,80,-6.211766695518625,3.6666666666666665,10.111877077606701,-15.627031360553689,-13.120145803608885
True,False,True,False,True,True,True,40,60,-6.592674938624294,0.16666666666666666,0.0,-19.778024815872886,0.0
True,False,True,False,True,True,True,30,70,-6.592674938624294,0.0,0.0,-19.778024815872886,0.0
True,False,True,False,False,True,True,30,70,-6.592674938624294,0.0,0.0,-19.778024815872886,0.0
True,True,False,False,False,True,True,30,70,-6.592674938624294,0.0,0.0,-19.778024815872886,0.0
False,True,True,False,True,True,True,30,70,-6.592674938624294,0.0,0.0,-19.778024815872886,0.0
True,False,False,False,False,True,True,30,70,-6.592674938624294,0.0,0.0,-19.778024815872886,0.0
True,False,False,False,True,True,True,30,70,-6.592674938624294,0.0,0.0,-19.778024815872886,0.0
False,True,True,False,True,True,True,40,60,-6.592674938624294,0.16666666666666666,0.0,-19.778024815872886,0.0
True,True,True,False,False,True,True,30,70,-6.592674938624294,0.0,0.0,-19.778024815872886,0.0
True,True,True,False,True,True,True,40,60,-6.592674938624294,0.16666666666666666,0.0,-19.778024815872886,0.0
False,False,True,False,True,True,True,30,70,-6.592674938624294,0.0,0.0,-19.778024815872886,0.0
True,True,True,False,True,True,True,30,70,-6.592674938624294,0.0,0.0,-19.778024815872886,0.0
True,True,False,False,True,True,True,30,70,-6.592674938624294,0.0,0.0,-19.778024815872886,0.0
False,False,True,False,True,True,True,40,60,-6.592674938624294,0.16666666666666666,0.0,-19.778024815872886,0.0
False,False,False,False,False,True,True,30,70,-6.5927821026219675,3.8333333333333335,5.878216143822024,-23.137970717611232,-2.5185917340766917
False,True,False,True,False,False,True,30,70,-6.746799803737787,2.8333333333333335,-8.085762320278844,11.872385007321263,-24.027022098255777
True,False,False,True,True,False,False,20,80,-6.834946500706578,0.5,-10.600373479190461,0.0,-9.90446602292927
False,False,False,True,True,True,True,30,70,-6.901203639940046,0.16666666666666666,0.0,0.0,-20.703610919820136
False,True,False,True,True,True,True,30,70,-6.901203639940046,0.16666666666666666,0.0,0.0,-20.703610919820136
True,False,True,True,True,False,False,40,60,-6.934109076709198,2.5,-24.544045729483177,-1.550094723694051,5.291813223049635
False,False,False,True,False,False,True,40,60,-6.938143997147073,10.0,-15.606088474544444,24.908785697887904,-30.117129214784676
False,True,False,True,True,True,False,30,70,-6.981523773143388,0.6666666666666666,-12.780854652244999,12.539894252634976,-20.703610919820136
False,False,True,True,True,False,False,40,60,-7.04951792144648,2.8333333333333335,-24.544045729483177,-1.8963212579058975,5.291813223049635
False,True,True,False,True,False,False,20,80,-7.270525743522875,0.3333333333333333,-10.600373479190461,0.0,-11.211203751378163
True,True,True,False,True,False,False,20,80,-7.270525743522875,0.3333333333333333,-10.600373479190461,0.0,-11.211203751378163
False,False,True,True,False,True,True,30,70,-7.743813994846482,0.16666666666666666,-23.231441984539448,0.0,0.0
False,False,True,False,False,True,False,20,80,-7.801844828738362,0.3333333333333333,0.0,0.0,-23.405534486215085
False,False,True,True,False,False,False,30,70,-7.834870801370308,4.166666666666667,-2.8093215210303835,-18.896423630637248,-1.7988672524432925
False,False,False,True,False,True,True,40,60,-7.8612553871537605,3.0,-3.71136759079127,16.215913983582464,-36.088312554252475
False,False,False,True,True,True,True,40,60,-7.987485087912479,0.6666666666666666,-8.154287680856154,0.0,-15.808167582881282
False,True,False,True,True,True,True,40,60,-7.987485087912479,0.6666666666666666,-8.154287680856154,0.0,-15.808167582881282
False,False,False,True,False,False,False,20,80,-8.526977715801316,17.5,4.78201274742458,3.047537538026357,-33.41048343285489
True,False,False,True,False,True,False,30,70,-8.559876841148292,0.3333333333333333,0.0,0.0,-25.679630523444875
True,True,False,True,False,True,False,30,70,-8.559876841148292,0.3333333333333333,0.0,0.0,-25.679630523444875
True,True,False,False,False,False,True,40,60,-8.779672878412004,6.5,-9.505778073556659,23.076673916591005,-39.90991447827036
True,True,False,False,True,False,True,40,60,-8.903867511761698,3.1666666666666665,-16.053099970307805,23.856801936738027,-34.51530450171531
False,False,False,True,True,True,False,40,60,-8.969975618605176,1.6666666666666667,-15.174033736215165,-4.3498287442516155,-7.386064375348744
False,True,False,True,False,False,False,20,80,-8.978229095061375,4.166666666666667,16.586178763715086,-16.56099800417321,-26.959868044725997
False,True,False,True,True,False,True,30,70,-9.056139778449934,0.6666666666666666,0.0,0.0,-27.168419335349803
True,False,False,True,True,False,False,30,70,-9.138153823412631,1.8333333333333333,-21.551904089138006,-4.042491891466515,-1.8200654896333712
True,False,False,True,False,False,False,40,60,-9.18220735555133,6.333333333333333,6.5135862152843504,-8.921589972335875,-25.138618309602467
True,True,True,True,True,False,False,40,60,-9.215380213212395,1.1666666666666667,-26.713681669791367,-0.9324589698458174,0.0
False,True,True,True,True,False,False,40,60,-9.215380213212395,1.3333333333333333,-26.713681669791367,-0.9324589698458174,0.0
False,True,False,True,False,True,False,40,60,-9.297154536357489,3.6666666666666665,-23.364810031127636,6.260603915800322,-10.78725749374515
False,False,True,True,False,False,False,40,60,-9.43460586009805,5.833333333333333,-2.3712217305802863,-18.054059488426176,-7.87853636128768
False,False,True,True,False,True,True,40,60,-9.513216798707436,0.6666666666666666,-23.231441984539448,0.0,-5.30820841158286
True,True,False,False,False,True,False,40,60,-9.806651222715328,3.8333333333333335,-9.526456303151553,-2.627537802536495,-17.265959562457933
False,False,False,True,True,False,False,20,80,-10.709679170035518,1.1666666666666667,-10.600373479190461,18.987628967093826,-40.51629299800992
True,True,False,False,False,False,False,30,70,-10.828241194602995,13.5,-21.18788595584846,26.9003740546395,-38.19721168260002
False,False,False,True,False,True,False,40,60,-11.390012111376057,4.333333333333333,-24.293944132611788,0.9111652922287661,-10.78725749374515
False,True,False,True,False,True,True,40,60,-11.469254253529842,2.3333333333333335,-8.202099160315147,11.092957305514739,-37.298620905789114
True,False,False,False,True,False,True,20,80,-11.672029387243466,0.0,0.0,0.0,-35.016088161730394
True,True,False,False,True,False,True,20,80,-11.672029387243466,0.0,0.0,0.0,-35.016088161730394
True,True,False,False,False,False,False,40,60,-11.740031194542338,18.666666666666668,-23.062609234419007,32.45135189807955,-44.608836247287556
False,True,False,False,False,False,True,40,60,-11.745137335202642,23.5,-33.30142542219821,37.629752397777104,-39.56373898118682
False,False,True,False,True,False,False,20,80,-12.045042758607028,1.5,-27.08202654398546,-0.705357281697705,-8.347744450137917
False,True,False,True,True,False,True,40,60,-12.425705882682054,1.3333333333333333,-9.005565249316149,-1.1031330633802128,-27.168419335349803
True,False,True,True,False,False,True,20,80,-12.451938229125954,0.8333333333333334,-11.850158102518805,-25.50565658485906,0.0
True,False,False,True,False,False,False,30,70,-12.550592097823898,5.333333333333333,3.9609296301740704,-15.179400221291306,-26.43330570235446
True,True,True,False,False,False,False,30,70,-12.636363547969312,4.833333333333333,-16.922622230701514,0.5609783281541603,-21.547446741360588
False,True,True,False,False,False,False,30,70,-12.700219745157812,5.5,-19.69451363618765,-5.024860537966647,-13.381285061319137
False,True,False,False,False,True,True,30,70,-12.74434721836525,2.8333333333333335,-0.5890064672954498,-23.137970717611232,-14.506064470189074
False,True,False,True,True,False,False,40,60,-13.008900275505752,4.333333333333333,-10.515552738770506,0.7164205297925719,-29.227568617539323
False,True,False,True,True,True,False,40,60,-13.012959663403459,1.6666666666666667,-18.88088266307748,-4.3498287442516155,-15.808167582881282
False,True,False,True,False,False,True,40,60,-13.138679652552579,4.166666666666667,-21.375614090455063,10.239578405914763,-28.280003273117437
True,False,False,False,False,False,True,30,70,-13.214973476132283,8.833333333333334,-4.450473000444621,8.612951931284618,-43.80739935923684
False,False,False,False,False,True,False,30,70,-13.334460245037768,11.5,-27.747891503813616,-37.57744439540629,25.3219551641066
False,True,False,True,False,True,False,20,80,-13.359830330612102,0.5,-6.645262215192216,0.0,-33.43422877664409
False,False,False,True,False,True,False,20,80,-13.359830330612102,0.5,-6.645262215192216,0.0,-33.43422877664409
False,False,False,False,True,True,True,30,70,-13.493878578564342,0.16666666666666666,0.0,-19.778024815872886,-20.703610919820136
False,True,False,False,True,True,True,30,70,-13.493878578564342,0.16666666666666666,0.0,-19.778024815872886,-20.703610919820136
False,False,False,False,False,True,False,40,60,-13.54822024619026,19.0,-21.6235294425994,-55.87173630205946,36.850605006088074
False,False,True,True,False,False,True,20,80,-14.682773350158007,1.1666666666666667,-11.850158102518805,-25.50565658485906,-6.692505363096157
True,True,False,False,False,False,True,30,70,-14.795605375521067,3.8333333333333335,-0.47638937937587444,5.400563551407589,-49.310990298594916
False,True,False,False,True,False,True,20,80,-15.163244873213486,0.0,-10.473646457910057,0.0,-35.016088161730394
True,True,False,False,False,False,True,20,80,-15.444485971880987,1.0,-8.092145652212789,0.545704748693665,-38.78701701212384
False,False,False,True,True,False,False,30,70,-15.503349583536922,4.333333333333333,-29.949171646420247,0.9354597282908106,-17.49633683248133
True,False,True,False,True,False,False,20,80,-15.68866425123501,1.1666666666666667,-35.14943172062917,-0.705357281697705,-11.211203751378163
False,False,True,False,False,False,False,20,80,-15.922564959189822,6.5,-7.8509742883764,-10.500977121747557,-29.41574346744551
False,True,False,False,False,False,True,30,70,-16.27861442883624,16.333333333333332,17.231141993604048,-35.50678429408279,-30.560200986029972
True,True,True,False,False,False,True,20,80,-16.410184317474734,0.6666666666666666,-8.092145652212789,0.545704748693665,-41.68411204890508
False,True,False,True,True,False,False,30,70,-16.411080506947105,2.3333333333333335,-15.06016070927001,-0.7446071154936784,-33.42847369607762
False,False,False,False,True,False,False,20,80,-16.73794915726443,3.5,-18.63870352874366,2.5278503169029243,-34.10299425995256
False,False,False,False,True,False,True,20,80,-16.907389036496394,0.5,-10.473646457910057,-8.305509510400178,-31.943011141178946
False,True,False,True,True,False,False,20,80,-17.32958558887403,0.5,-10.600373479190461,0.0,-41.388383287431616
True,True,False,False,True,False,False,40,60,-17.838140646742307,11.833333333333334,-24.996257123666076,4.113743408034476,-32.63190822459532
False,False,True,False,False,False,False,30,70,-18.020426054167313,8.666666666666666,-15.641409950357954,-14.381753433612532,-24.03811477853145
True,True,True,False,False,False,False,20,80,-18.112288566855636,2.1666666666666665,-15.337728497200887,-21.790203592596413,-17.208933610769606
True,False,True,False,False,False,False,30,70,-18.822468948958722,8.333333333333334,-15.641409950357954,-14.55903806696397,-26.266958829554245
True,True,True,False,False,True,False,30,70,-18.828387333192655,0.3333333333333333,0.0,-19.778024815872886,-36.707137183705086
True,True,False,False,True,False,False,20,80,-19.439546528819392,1.0,-10.600373479190461,-8.135615593147794,-39.58265051411992
False,False,True,False,True,False,True,30,70,-19.632087085210337,1.5,-33.95898523303197,-33.767155630492255,8.82987960789321
False,False,True,False,False,False,False,40,60,-19.70798191313102,10.666666666666666,-15.534851113119696,-18.817839921953528,-24.771254704319833
False,True,True,False,False,True,True,30,70,-19.78626079667273,0.0,0.0,-59.35878239001819,0.0
False,False,False,False,True,True,False,40,60,-19.803842989108034,5.166666666666667,-27.91123022822929,-24.41642369424998,-7.083875044844834
True,False,False,False,True,True,False,30,70,-20.108144080708815,0.0,0.0,-19.778024815872886,-40.54640742625356
True,True,False,False,True,True,False,30,70,-20.108144080708815,0.0,0.0,-19.778024815872886,-40.54640742625356
True,True,True,False,True,True,False,30,70,-20.108144080708815,0.0,0.0,-19.778024815872886,-40.54640742625356
True,False,True,False,True,True,False,30,70,-20.108144080708815,0.0,0.0,-19.778024815872886,-40.54640742625356
True,True,True,False,True,False,True,30,70,-20.12882779931675,0.3333333333333333,-31.50209942937109,-28.88438396857915,0.0
False,True,True,False,True,False,True,30,70,-20.19693318022112,0.6666666666666666,-33.95898523303197,-26.631814307631384,0.0
False,False,True,False,True,False,False,30,70,-20.70243321694075,4.333333333333333,-49.7759561533683,-1.3264593323414564,-11.004884165112493
True,True,False,False,False,True,True,40,60,-20.76011072738547,1.3333333333333333,-27.80444994169614,4.819930598744859,-39.29581283920513
False,True,True,False,False,False,True,30,70,-20.827194606751167,3.3333333333333335,-3.6796837701685514,-27.469703281210624,-31.332196768874333
True,False,False,False,False,True,True,40,60,-21.124699476961343,1.3333333333333333,-28.898216190423764,4.819930598744859,-39.29581283920513
True,True,False,False,False,False,False,20,80,-21.12596386542953,6.333333333333333,-30.212903619816743,-11.705554197163314,-21.459433779308522
False,False,False,False,False,False,False,20,80,-21.452343275090413,76.5,-7.3215995521288875,-37.901578388315315,-19.133851884827035
False,True,False,False,False,True,False,30,70,-21.55026339150243,8.0,-28.29214670832736,-41.05576110586918,4.697117639689252
False,False,False,False,True,False,True,30,70,-21.603779926963977,3.6666666666666665,-30.13782628236934,13.746803652621775,-48.42031715114437
True,False,True,False,True,False,True,30,70,-21.63586287487788,0.8333333333333334,-31.50209942937109,-35.80065413365306,2.395164938390515
True,False,False,False,True,False,True,40,60,-21.71328773960319,4.333333333333333,-16.053099970307805,-22.290170601418836,-26.796592647082928
True,False,False,True,False,False,True,20,80,-21.860348231669366,1.3333333333333333,-11.850158102518805,-31.503987463152296,-22.226899129336996
True,True,True,False,True,False,False,40,60,-22.158950900482285,5.166666666666667,-38.82894630661576,-0.7601170398233492,-26.88778935500774
True,False,True,False,False,False,False,40,60,-22.316301198436094,9.333333333333334,-15.534851113119696,-23.581328034042837,-27.83272444814575
False,True,False,False,True,False,False,20,80,-22.66417436588272,1.6666666666666667,-14.576746067717472,8.496101638589138,-61.911878668519826
True,False,True,False,False,False,True,40,60,-22.720782335992276,4.833333333333333,-11.9486383856535,-39.33566553229861,-16.87804309002472
True,False,True,False,True,False,False,30,70,-23.014713791652643,4.0,-55.33257946743646,-2.0705636240083924,-11.64099828351307
False,True,True,False,False,True,False,40,60,-23.1592919489208,3.3333333333333335,-26.649886139781298,-38.162073683256295,-4.665916023724803
False,False,False,False,False,True,False,20,80,-23.290390617014875,2.3333333333333335,-26.744264930046903,10.54137334991989,-53.66828027091761
False,True,True,False,False,False,False,40,60,-23.400353194074434,8.333333333333334,-25.72588513076286,-8.360930219525098,-36.114244231935345
True,False,True,False,False,False,False,20,80,-23.90147619565107,6.5,-7.8509742883764,-34.4377108311313,-29.41574346744551
False,True,False,False,True,False,True,30,70,-24.170081613994217,3.0,-33.95898523303197,13.506242684368441,-52.057502293319125
True,True,True,False,False,True,False,40,60,-24.275801793440056,1.5,-7.176711001354352,-28.943557195260727,-36.707137183705086
False,False,True,False,False,True,False,40,60,-24.4129905583742,4.333333333333333,-27.55898446339714,-41.09346078935771,-4.586526422367754
False,True,False,False,False,True,False,40,60,-24.466777388761454,13.5,-18.59869768076855,-55.18173950037594,0.3801050148601215
False,True,False,False,True,True,False,40,60,-24.663780789539143,4.833333333333333,-31.06147054540206,-24.41642369424998,-18.513448128965393
True,False,False,False,False,False,False,30,70,-24.69678977295412,19.666666666666668,-18.614610622353155,-18.191144867863784,-37.28461382864542
True,False,True,False,True,False,False,40,60,-24.752198569778784,7.0,-42.66331098310553,-1.326564037170852,-30.26672068905998
True,False,True,False,False,True,False,40,60,-24.82127990165439,1.6666666666666667,-6.663700863944633,-31.093001657313447,-36.707137183705086
False,False,False,False,True,False,False,30,70,-24.885976591579155,15.5,-32.65888389175122,-13.169620100233859,-28.82942578275238
True,True,False,False,False,True,False,30,70,-25.089984387755177,0.8333333333333334,-2.5314178447518487,-19.778024815872886,-52.96051050264079
True,False,False,False,False,False,False,40,60,-25.304382095362914,22.333333333333332,-17.15002849989228,-21.798241020675057,-36.9648767655214
True,True,True,False,False,False,True,30,70,-25.454044413685484,2.0,-3.6796837701685514,-28.49630267483295,-44.18614679605495
False,False,False,False,True,True,False,30,70,-25.962274030131212,1.5,-15.39806849347054,-30.281503563297207,-32.20725003362589
False,False,True,False,False,False,True,20,80,-26.251457482723822,3.6666666666666665,-25.22179900347672,-26.317617944405846,-27.214955500288895
False,False,True,False,False,True,False,30,70,-26.273280482039457,2.3333333333333335,-13.222943525790388,-61.01037149796022,-4.586526422367754
False,False,True,False,False,False,True,40,60,-26.373597345942677,5.833333333333333,-11.9486383856535,-43.549381469291795,-23.622772182882745
True,False,False,False,True,False,False,40,60,-26.383104195596918,15.833333333333334,-21.13846368757838,-26.734187809278687,-31.27666108993369
True,True,True,False,False,False,False,40,60,-26.655099613219974,8.0,-25.72588513076286,-15.226302887025156,-39.0131108218719
False,False,False,False,False,False,False,30,70,-26.787049023365284,123.83333333333333,-36.134746548795604,-24.186304539752967,-20.040095981547278
True,False,False,False,False,False,False,20,80,-26.798670912256465,14.833333333333334,4.764655160127096,-51.282612119284245,-33.878055777612246
True,True,False,False,True,True,False,40,60,-27.003433348453125,1.5,-9.794757757295503,-32.3413921889263,-38.87415009913758
True,False,False,False,True,True,False,40,60,-27.003433348453125,1.5,-9.794757757295503,-32.3413921889263,-38.87415009913758
True,False,False,False,False,False,True,20,80,-27.023364360735364,5.666666666666667,-19.377509629264445,-27.85881643827981,-33.833767014661845
False,False,True,False,False,False,True,30,70,-27.118147055985435,4.666666666666667,-11.904533430014352,-28.069811681708888,-41.380096056233064
True,False,True,False,False,False,True,30,70,-27.13408114960682,4.0,-11.904533430014352,-33.29422723920024,-36.203482779605864
False,True,True,False,False,False,True,40,60,-27.21721803070159,5.166666666666667,-13.883117833121384,-37.88319684875437,-29.885339410229015
True,True,True,False,False,False,True,40,60,-27.7816381418507,3.1666666666666665,-13.197487934705732,-28.511119400893314,-41.636307089953064
False,False,True,False,True,True,False,30,70,-27.926712622816556,0.5,-23.45570562632322,-19.778024815872886,-40.54640742625356
True,False,False,False,True,False,False,30,70,-27.987624653051896,8.666666666666666,-51.24512023186529,-5.545493894788445,-27.172259832501954
False,True,True,False,True,False,False,30,70,-28.341025680466764,3.0,-36.52877822802082,4.181108008546697,-52.675406821926174
False,True,True,False,True,True,False,30,70,-28.52007215319739,0.5,-25.235784217465717,-19.778024815872886,-40.54640742625356
False,True,True,False,False,False,False,20,80,-28.547569547059616,4.333333333333333,-25.329350963029505,-27.64223096563758,-32.67112671251176
True,False,False,False,True,False,False,20,80,-28.660217510039843,2.0,-35.14943172062917,-8.783587717848595,-42.04763309164177
False,True,True,False,False,False,True,20,80,-28.673389664508576,2.0,-13.36836596029427,-31.7007266456393,-40.95107638759215
False,True,False,False,False,True,False,20,80,-28.823075992522114,1.5,-26.744264930046903,-17.23222164182101,-42.49274140569843
False,True,False,False,False,False,True,20,80,-29.263478316884715,4.666666666666667,-20.423159591334063,-3.3776691307792817,-63.98960622854081
False,False,False,False,False,True,True,40,60,-29.282270679526572,7.0,-23.53688924209574,-31.355869347150723,-32.954053449333266
False,True,True,False,False,True,False,30,70,-30.066266698448185,1.6666666666666667,-25.235784217465717,-60.297099854154034,-4.665916023724803
False,True,False,False,True,False,True,40,60,-30.400953738249527,7.0,-22.90027702745072,-24.680317841803056,-43.6222663454948
True,False,True,False,False,False,True,20,80,-30.666455133943444,3.0,-25.22179900347672,-26.251863041457046,-40.52570335689656
True,False,True,False,False,True,True,40,60,-30.703308488397766,0.6666666666666666,-28.898216190423764,-19.778024815872886,-43.43368445889666
False,False,False,False,True,False,True,40,60,-31.191515666662344,8.333333333333334,-22.90027702745072,-26.381729013209977,-44.292540959326345
False,True,False,False,True,True,False,30,70,-31.240964943312505,1.1666666666666667,-22.89498384038674,-30.281503563297207,-40.54640742625356
True,True,True,False,True,False,False,30,70,-31.383080413088933,2.0,-47.24116148755164,8.256990216652472,-55.16506996836762
True,False,True,False,False,True,False,30,70,-32.13932869111769,0.3333333333333333,0.0,-59.71084888964799,-36.707137183705086
True,True,True,False,True,True,False,40,60,-32.853304662097656,0.6666666666666666,-9.794757757295503,-48.2187488027439,-40.54640742625356
True,False,True,False,True,True,False,40,60,-32.853304662097656,0.6666666666666666,-9.794757757295503,-48.2187488027439,-40.54640742625356
True,True,True,False,True,False,True,40,60,-34.22276214978457,1.3333333333333333,-34.261717566783965,-26.048762026940242,-42.3578068556295
False,True,True,False,True,False,False,40,60,-34.23286239336392,5.833333333333333,-38.82894630661576,-36.981851518468254,-26.88778935500774
False,True,True,False,False,True,True,40,60,-34.60088190557345,1.1666666666666667,-44.50153780443645,-48.05689441830712,-11.244213493976785
False,True,False,False,False,False,False,20,80,-34.612848339621266,21.833333333333332,-14.064082219615926,-28.218578800968253,-61.555883998279626
False,False,True,False,False,True,True,40,60,-34.90863839295524,1.5,-23.231441984539448,-48.05689441830712,-33.43757877601914
True,True,False,False,True,False,False,30,70,-34.93735566775313,4.5,-50.705359988728425,3.074657664989644,-57.18136467952062
False,True,False,False,False,True,True,40,60,-35.16121289126411,6.0,-27.102993534918685,-31.355869347150723,-47.02477579172292
False,True,False,False,True,False,False,30,70,-35.19930831976617,9.0,-40.31616638958948,-9.310650713507806,-55.97110785620124
False,False,False,False,False,False,True,30,70,-35.290948248549284,37.833333333333336,-18.217377675324308,-23.870712766696556,-63.78475430362699
True,True,False,False,True,False,True,30,70,-35.6267729989502,1.3333333333333333,-31.50209942937109,-28.932753788163033,-46.44546577931648
True,False,False,False,True,False,True,30,70,-35.82646229153221,1.8333333333333333,-31.50209942937109,-35.84431980021494,-40.13296764501062
False,False,True,False,False,True,True,30,70,-35.86506760558816,0.5,-23.231441984539448,-59.35878239001819,-25.004978442206827
False,False,True,False,True,False,False,40,60,-36.9435736268275,8.0,-42.66331098310553,-37.90068920831698,-30.26672068905998
True,True,True,False,False,True,True,40,60,-37.260844146616705,0.5,-48.57082316508059,-19.778024815872886,-43.43368445889666
False,False,False,False,False,False,True,20,80,-37.585640427540845,24.5,-27.42995845992332,-42.52066144558736,-42.80630137711186
True,False,False,False,False,True,False,30,70,-38.40092574568021,0.8333333333333334,-2.5314178447518487,-59.71084888964799,-52.96051050264079
False,False,False,False,False,False,False,40,60,-39.9494158850803,167.33333333333334,-39.257468108240786,-39.18278056509613,-41.40799898190398
False,True,False,False,False,False,False,30,70,-41.052726409088656,48.166666666666664,-33.46714579466573,-37.330722749041314,-52.36031068355892
False,False,False,False,False,False,True,40,60,-42.72951530785109,45.666666666666664,-30.419394495151696,-28.069756017665824,-69.69939541073573
False,False,False,False,True,False,False,40,60,-42.804761232535185,33.333333333333336,-37.02657044983893,-41.364853352576795,-50.02285989518983
False,False,True,False,True,True,False,40,60,-43.91946294702676,1.0,-30.953033837255894,-60.25894757757082,-40.54640742625356
True,False,True,False,True,False,True,40,60,-44.35678074230183,2.1666666666666665,-34.261717566783965,-57.83144340440527,-40.977181255716275
False,False,True,False,True,False,True,40,60,-44.639003509916584,2.8333333333333335,-34.261717566783965,-55.14118750413146,-44.51410545883432
False,True,True,False,True,True,False,40,60,-44.92523466095197,1.0,-33.97034897903154,-60.25894757757082,-40.54640742625356
False,True,True,False,True,False,True,40,60,-45.58271553354334,2.3333333333333335,-34.261717566783965,-50.3182670181888,-52.16816201565726
False,True,False,False,False,False,False,40,60,-45.641456206107705,78.5,-33.26415059025708,-37.23188042501744,-66.4283376030486
False,True,False,False,True,False,False,40,60,-49.3596479002185,23.166666666666668,-47.047512945323845,-43.674239996396636,-57.35719075893502
