SMA_200,VWAP,Fib_50,Bullish_Engulfing,Daily_Pivots,MACD,Vol_SMA,Stoch_Buy,Stoch_Sell,Avg_Return_%,Avg_Trades,SOXL_Ret,TQQQ_Ret,SPXL_Ret
False,True,False,False,True,True,False,40,60,494.0734869104352,7.666666666666667,1325.0326390052346,54.388421538134565,102.79940018793643
False,True,False,False,True,True,True,40,60,367.8897722159727,5.666666666666667,915.6629907597098,63.73809332239726,124.2682325658111
False,True,True,False,False,False,False,40,60,346.68598411393907,3.3333333333333335,901.082645391011,43.98619355588163,94.98911339492433
False,False,False,False,True,True,True,40,60,338.3892943622644,7.0,907.8361603310789,64.74398302870648,42.587739727007886
True,True,True,False,False,False,False,40,60,332.4990711458159,3.0,830.2812259341545,72.2268741083688,94.98911339492433
False,True,True,False,False,True,False,40,60,327.83430593493557,1.1666666666666667,797.0586380890827,107.26540544318435,79.17887427253956
False,False,False,False,True,True,False,40,60,310.4157489196672,9.0,849.7694555201258,14.831002437119256,66.64678880175651
False,True,True,False,False,False,False,30,70,302.59717832336406,3.0,789.9373501415984,23.31280077007516,94.5413840584187
False,False,True,False,False,True,False,40,60,302.04113253743105,1.6666666666666667,797.0586380890827,29.005447379116035,80.05931214409443
False,True,True,False,True,False,False,40,60,297.15990130844216,2.3333333333333335,752.5831333110306,41.89060517217263,97.00596544212314
False,True,True,False,True,False,True,40,60,294.70386309359856,2.3333333333333335,752.5831333110306,46.25945451945124,85.26900145031387
False,False,True,False,True,False,True,40,60,293.31152690139686,2.3333333333333335,752.5831333110306,41.172082787791275,86.17936460536879
True,False,True,False,True,False,True,40,60,292.4627989455789,2.3333333333333335,752.5831333110306,38.6258989203375,86.17936460536879
False,True,False,False,False,True,True,40,60,290.3080186440635,6.0,742.0906023413396,32.58450024130835,96.24895334954256
True,True,True,False,True,False,False,40,60,287.9212372671129,2.3333333333333335,752.5831333110306,14.174613048185037,97.00596544212314
True,True,True,False,True,False,True,40,60,285.18073813734367,2.3333333333333335,752.5831333110306,17.690079650686606,85.26900145031387
False,False,True,False,False,False,False,40,60,283.70161274813273,3.6666666666666665,714.3104545024582,41.805270347015735,94.98911339492433
False,True,False,False,False,True,True,20,80,281.6503288450613,0.5,812.6801812284144,32.27080530676949,0.0
False,True,False,False,True,True,True,20,80,281.6503288450613,0.5,812.6801812284144,32.27080530676949,0.0
False,True,False,False,True,True,False,20,80,281.6503288450613,0.5,812.6801812284144,32.27080530676949,0.0
False,False,True,False,True,False,True,30,70,280.3817936826444,2.3333333333333335,752.5831333110306,18.26870337637012,70.29354436053248
False,True,True,False,True,False,False,30,70,280.0200900938294,2.0,752.5831333110306,25.059857633566974,62.41727933689074
False,True,True,False,True,False,True,30,70,279.7437905682267,1.8333333333333333,752.5831333110306,41.90602953142233,44.74220886222726
False,True,True,False,False,False,False,20,80,275.9833083695756,2.6666666666666665,722.9709984890377,21.007058388819132,83.97186823086997
True,False,True,False,False,False,False,40,60,275.1490910167774,3.3333333333333335,656.7184701415546,73.7396895138533,94.98911339492433
True,False,True,False,True,False,True,30,70,275.0716549206778,2.3333333333333335,752.5831333110306,2.338287090470481,70.29354436053248
True,True,True,False,False,False,False,30,70,274.4991545532026,3.0,726.9966649666164,1.9594146345724095,94.5413840584187
False,False,False,False,False,True,True,40,60,271.4376384031917,7.666666666666667,735.6013431972826,37.14946727489554,41.562104737397185
False,True,True,False,True,True,False,40,60,271.3524229507819,1.0,627.6129891366219,107.26540544318435,79.17887427253956
True,True,True,False,True,False,False,30,70,266.74262838778475,2.0,752.5831333110306,-14.772527484567066,62.41727933689074
True,True,True,False,True,False,True,30,70,265.9821821727367,1.8333333333333333,752.5831333110306,0.6212043449523197,44.74220886222726
False,False,True,False,True,False,False,40,60,259.8093100944241,2.6666666666666665,644.4987333340312,36.955195997342,97.97400095189914
False,False,True,False,False,False,False,30,70,246.62931858837544,3.3333333333333335,623.9015593857059,21.445012321001755,94.5413840584187
False,False,True,False,True,False,False,30,70,246.41342125598018,2.6666666666666665,644.4987333340312,4.228602939526982,90.51292749438234
False,False,True,False,True,True,False,40,60,237.1648513759693,1.3333333333333333,627.6129891366219,3.8222528471915984,80.05931214409443
True,False,True,False,False,False,False,30,70,229.5633756356777,3.3333333333333335,572.7037305276126,21.445012321001755,94.5413840584187
False,False,True,False,False,False,False,20,80,226.16646460293356,3.0,569.4291334560065,25.057005311130844,84.0132550416633
True,False,True,False,True,False,False,40,60,221.03019406423527,2.6666666666666665,530.631513215839,34.48506802496767,97.97400095189914
False,True,True,False,False,False,True,40,60,219.60905690010665,2.6666666666666665,535.5067270729363,38.05144217706984,85.26900145031387
True,True,False,False,False,False,False,40,60,217.407759165977,10.333333333333334,472.0753700246264,52.55991818028944,127.58798929301518
False,False,True,False,False,False,True,40,60,215.1070275876887,3.0,535.5067270729363,41.03421728406078,68.78013840606894
True,False,True,False,False,False,True,40,60,213.99181211755055,3.0,535.5067270729363,37.688570873646434,68.78013840606894
False,False,False,False,True,True,True,20,80,211.07991021896538,0.6666666666666666,571.2251822830067,32.27080530676949,29.743743067120043
False,False,False,False,True,True,False,20,80,211.07991021896538,0.6666666666666666,571.2251822830067,32.27080530676949,29.743743067120043
True,False,False,False,False,False,False,40,60,211.0463116496591,10.666666666666666,475.15721963626635,43.93735679201816,114.04435852069268
True,True,True,False,False,False,True,40,60,210.40594672359964,2.6666666666666665,535.5067270729363,10.44211164754869,85.26900145031387
False,False,False,False,False,True,True,20,80,202.9285418406045,0.6666666666666666,571.2251822830067,32.27080530676949,5.289637932037428
True,False,True,False,True,False,False,30,70,202.60876823586003,2.6666666666666665,530.631513215839,-13.31813600264139,90.51292749438234
True,True,False,False,False,False,False,30,70,198.10691293536348,8.166666666666666,512.7989704826655,30.873619246172133,50.64814907725286
False,True,True,False,False,False,True,20,80,183.50467170638663,1.8333333333333333,471.2810643904758,-1.1174423211357198,80.35039304981977
False,False,True,False,False,False,True,20,80,182.1246804191939,2.1666666666666665,471.2810643904758,-1.1174423211357198,76.21041918824167
True,True,True,False,False,False,False,20,80,178.4820891797101,2.6666666666666665,447.37293027549407,4.101469032766336,83.97186823086997
False,False,True,False,False,False,True,30,70,177.69755083438133,3.0,460.56053440068575,18.153204801548984,54.37891330090925
False,True,True,False,False,False,True,30,70,173.65236345891083,2.5,460.56053440068575,15.654347113819455,44.74220886222726
True,False,True,False,False,False,True,30,70,172.19525593227073,3.0,460.56053440068575,1.6463200952172352,54.37891330090925
False,False,True,False,False,True,False,30,70,168.94268657149507,1.3333333333333333,468.70477182461644,-8.156733925815162,46.28002181568398
False,False,False,False,True,False,False,20,80,167.740177181225,11.833333333333334,236.29461968304048,118.35268790905312,148.57322395158144
True,True,True,False,False,False,True,30,70,162.27827116958204,2.5,460.56053440068575,-18.467929754166878,44.74220886222726
False,False,True,False,False,True,False,20,80,160.12347750505623,0.16666666666666666,361.2819735452751,104.60341834371248,14.4850406261811
True,False,True,False,False,True,False,40,60,154.4903330611475,1.0,381.7243264105267,9.62583803634014,72.12083473657567
True,False,True,False,False,False,False,20,80,151.43990424010647,3.0,345.24945236752524,25.057005311130844,84.0132550416633
False,False,True,False,True,False,True,20,80,148.12267093177584,1.5,361.2819735452751,2.7356462002326554,80.35039304981977
True,False,True,False,False,True,False,30,70,142.66811607540356,0.8333333333333334,381.7243264105267,0.0,46.28002181568398
False,False,True,False,True,False,False,20,80,141.99928617839453,1.6666666666666667,342.9118192851312,2.7356462002326554,80.35039304981977
False,True,True,False,False,True,True,40,60,138.63870822983856,0.5,220.8900162243802,107.26540544318435,87.76070302195113
False,True,True,False,True,True,True,40,60,138.63870822983856,0.5,220.8900162243802,107.26540544318435,87.76070302195113
False,False,True,False,False,True,True,40,60,138.31963770850822,1.3333333333333333,361.2819735452751,7.396917764565658,46.28002181568398
False,True,True,True,False,False,False,40,60,137.35457126466392,1.3333333333333333,300.9180101818777,66.25084384637489,44.89485976573915
False,False,True,False,True,True,True,40,60,137.12808273605023,1.1666666666666667,361.2819735452751,3.8222528471915984,46.28002181568398
False,False,True,False,True,True,True,20,80,134.16111881428077,0.0,361.2819735452751,41.20138289756723,0.0
False,False,True,False,False,True,True,20,80,134.16111881428077,0.0,361.2819735452751,41.20138289756723,0.0
False,False,True,False,True,True,False,20,80,134.16111881428077,0.0,361.2819735452751,41.20138289756723,0.0
False,False,False,False,True,False,True,20,80,133.925435101233,10.166666666666666,170.24208414245297,98.01835135787232,133.51586980337373
False,False,True,False,True,True,False,30,70,133.13508714504798,1.1666666666666667,361.2819735452751,-8.156733925815162,46.28002181568398
False,False,True,False,True,True,True,30,70,133.13508714504798,1.1666666666666667,361.2819735452751,-8.156733925815162,46.28002181568398
False,False,True,False,False,True,True,30,70,133.13508714504798,1.1666666666666667,361.2819735452751,-8.156733925815162,46.28002181568398
True,False,True,False,True,False,False,20,80,132.2729172403161,1.1666666666666667,290.7312880081547,25.737070662973814,80.35039304981977
True,False,True,False,True,False,True,20,80,132.2729172403161,1.1666666666666667,290.7312880081547,25.737070662973814,80.35039304981977
False,False,True,True,False,False,False,40,60,132.25493989373945,1.6666666666666667,300.9180101818777,50.951949733601445,44.89485976573915
False,False,False,False,False,False,False,40,60,132.00576608937007,91.16666666666667,283.9982889682141,58.19404715104059,53.824962148855434
True,False,False,False,False,False,False,20,80,131.30322685486192,6.666666666666667,166.5746166236076,66.88966015058311,160.44540379039512
True,False,False,False,False,False,False,30,70,128.8678378324195,9.666666666666666,324.54341112657585,-3.2763122666874978,65.3364146373701
True,True,False,False,False,False,False,20,80,125.5190567576977,5.5,178.04066539269337,76.28671066826367,122.22979421213611
True,False,True,False,True,True,False,40,60,124.15932026035685,0.8333333333333334,290.7312880081547,9.62583803634014,72.12083473657567
False,True,True,True,False,False,False,30,70,122.32983699622264,1.0,300.9180101818777,40.70319236175155,25.368308445038636
False,False,False,False,False,False,False,20,80,118.2670553203968,44.166666666666664,102.63041830393935,167.0291599786733,85.1415876785778
False,False,True,True,False,False,False,30,70,118.01386242937926,1.3333333333333333,300.9180101818777,27.75526866122142,25.368308445038636
True,True,True,False,False,False,True,20,80,116.99125903285157,1.5,252.00974694644444,18.613637102290493,80.35039304981977
False,False,True,True,False,False,False,20,80,116.6082304428052,1.0,300.9180101818777,17.23836834830088,31.668312798237007
False,True,False,False,True,True,True,30,70,116.42912312784699,2.5,307.98637521723305,40.22139376255851,1.0796004037495033
True,False,True,False,False,False,True,20,80,115.61126774565886,1.8333333333333333,252.00974694644444,18.613637102290493,76.21041918824167
True,False,True,False,False,True,True,40,60,115.54571595339296,0.8333333333333334,290.7312880081547,9.62583803634014,46.28002181568398
True,False,True,False,True,True,True,40,60,115.54571595339296,0.8333333333333334,290.7312880081547,9.62583803634014,46.28002181568398
False,True,True,True,False,False,False,20,80,114.80177531563794,1.0,300.9180101818777,11.848616765805108,31.638698999230975
True,False,True,False,True,True,False,30,70,112.3371032746129,0.6666666666666666,290.7312880081547,0.0,46.28002181568398
True,False,True,False,True,True,True,30,70,112.3371032746129,0.6666666666666666,290.7312880081547,0.0,46.28002181568398
True,False,True,False,False,True,True,30,70,112.3371032746129,0.6666666666666666,290.7312880081547,0.0,46.28002181568398
False,False,False,False,False,False,False,30,70,106.85529365651298,66.83333333333333,164.16990037865384,78.79308232081932,77.60289827006577
False,True,False,False,False,False,False,20,80,104.85161484220724,30.666666666666668,125.1172182868713,164.80178828639626,24.6358379533542
True,False,False,False,False,True,False,20,80,96.91042933605158,0.0,290.7312880081547,0.0,0.0
True,False,False,False,True,True,True,20,80,96.91042933605158,0.0,290.7312880081547,0.0,0.0
True,False,True,False,True,True,True,20,80,96.91042933605158,0.0,290.7312880081547,0.0,0.0
True,False,False,False,True,True,False,20,80,96.91042933605158,0.0,290.7312880081547,0.0,0.0
True,False,True,False,False,True,False,20,80,96.91042933605158,0.0,290.7312880081547,0.0,0.0
True,False,True,False,True,True,False,20,80,96.91042933605158,0.0,290.7312880081547,0.0,0.0
True,False,True,False,False,True,True,20,80,96.91042933605158,0.0,290.7312880081547,0.0,0.0
True,False,False,False,False,True,True,20,80,96.91042933605158,0.0,290.7312880081547,0.0,0.0
True,True,True,True,False,False,False,40,60,95.15400775290243,1.0,197.6734517450343,42.893711747933835,44.89485976573915
True,False,False,False,True,False,False,20,80,92.03399706029055,2.5,103.00309523688624,89.0383904323846,84.06050551160078
True,False,False,False,True,False,True,20,80,92.03399706029055,2.5,103.00309523688624,89.0383904323846,84.06050551160078
True,False,True,True,False,False,False,40,60,90.77084049625421,1.3333333333333333,197.6734517450343,29.74420997798921,44.89485976573915
False,False,False,False,True,True,True,30,70,88.90507874768844,4.0,115.98832947748767,41.08281369073794,109.64409307483973
True,True,True,True,False,False,False,30,70,88.64515731266891,0.6666666666666666,197.6734517450343,42.893711747933835,25.368308445038636
True,False,True,True,False,False,False,30,70,84.26199005602072,1.0,197.6734517450343,29.74420997798921,25.368308445038636
False,False,False,False,True,True,False,30,70,83.58266112990081,4.333333333333333,159.12587442823295,10.189501107937327,81.43260785353218
True,False,False,False,True,False,False,30,70,83.20878641614749,6.5,219.01934113560117,-50.196078674666936,80.80309678750828
True,True,False,False,True,False,False,20,80,82.58525785330536,2.0,75.21156383058599,89.0383904323846,83.50581929694549
True,True,False,False,True,False,True,20,80,82.58525785330536,2.0,75.21156383058599,89.0383904323846,83.50581929694549
True,False,True,True,False,False,False,20,80,80.19082645067111,0.6666666666666666,197.6734517450343,11.230714808742048,31.668312798237007
False,False,False,False,False,False,True,20,80,80.05580911663542,23.833333333333332,70.22199614950341,66.07113152966812,103.8742996707347
True,True,True,True,False,False,False,20,80,78.47643379027733,0.6666666666666666,197.6734517450343,6.117150626566681,31.638698999230975
True,True,False,False,True,True,False,40,60,73.92211946341885,1.5,57.419213029910885,88.82989508818957,75.5172502721561
True,True,False,False,False,True,True,40,60,73.92211946341885,1.5,57.419213029910885,88.82989508818957,75.5172502721561
True,True,False,False,True,True,True,40,60,73.92211946341885,1.5,57.419213029910885,88.82989508818957,75.5172502721561
False,True,False,False,True,False,False,20,80,73.28087250718988,9.0,-4.737067165376752,105.04099363101842,119.538691055928
False,False,False,False,False,True,False,40,60,71.86101328750499,11.333333333333334,138.35428289494578,-20.56263897083165,97.79139593840081
True,False,False,False,True,False,True,30,70,65.34546177064962,5.5,150.7063553712361,-16.284200590771945,61.614230531484715
True,False,False,False,False,False,True,20,80,64.83322623415873,4.166666666666667,39.19952266257087,85.43409636098582,69.86605967891953
True,True,True,False,True,True,True,40,60,63.76262115740722,0.3333333333333333,0.0,103.5271604502705,87.76070302195113
True,True,True,False,False,True,True,40,60,63.76262115740722,0.3333333333333333,0.0,103.5271604502705,87.76070302195113
True,True,False,False,False,False,True,20,80,62.26460317608792,3.6666666666666665,61.08049372489142,85.43409636098582,40.27921944238653
True,True,True,False,False,True,False,40,60,61.805109555557316,1.0,10.608954496707423,103.5271604502705,71.27921371969401
True,True,True,True,False,False,True,40,60,60.93844688290003,0.16666666666666666,182.8153406487001,0.0,0.0
False,True,True,True,False,False,True,40,60,60.93844688290003,0.16666666666666666,182.8153406487001,0.0,0.0
True,False,False,False,True,True,False,40,60,60.09275068893761,2.1666666666666665,110.9629007300922,9.62583803634014,59.68951330038048
True,True,True,False,True,True,False,40,60,58.26879138998817,0.6666666666666666,0.0,103.5271604502705,71.27921371969401
True,False,True,True,False,False,True,40,60,56.4796130957356,0.5,182.8153406487001,-13.376501361493276,0.0
False,False,True,True,False,False,True,40,60,56.4796130957356,0.5,182.8153406487001,-13.376501361493276,0.0
True,False,False,False,False,False,True,40,60,56.33391916178989,9.0,22.846638882913474,33.89460047487298,112.26051812758323
True,True,False,False,False,True,False,40,60,55.551509763787024,2.0,2.3073839310153943,88.82989508818957,75.5172502721561
False,True,False,False,True,False,True,20,80,55.457412764086854,7.333333333333333,-25.814192471764276,85.94632339266413,106.24010737136072
True,False,False,False,False,True,True,40,60,52.101258655760866,2.1666666666666665,110.9629007300922,9.62583803634014,35.715037200850254
True,False,False,False,True,True,True,40,60,52.101258655760866,2.1666666666666665,110.9629007300922,9.62583803634014,35.715037200850254
True,True,False,False,True,False,False,30,70,51.55978394638324,4.833333333333333,77.04358101696556,0.7396430238119533,76.8961277983722
True,False,False,False,True,False,False,40,60,46.12707105075174,8.833333333333334,-1.197563798426804,8.227688959477074,131.35108799120493
False,True,False,False,False,True,False,40,60,44.36440141296447,8.5,45.69179946910751,13.457468493741477,73.94393627604441
True,True,False,True,False,False,False,40,60,44.34307123634459,1.5,-25.644628894118814,29.657452417202236,129.01639018595037
True,False,False,True,False,False,True,40,60,44.03039097741643,1.3333333333333333,-2.9996892699440725,7.863358061943138,127.22750414025023
True,False,False,True,True,False,True,40,60,42.40916804675008,0.6666666666666666,0.0,0.0,127.22750414025023
True,True,False,True,True,False,True,40,60,42.40916804675008,0.6666666666666666,0.0,0.0,127.22750414025023
False,True,False,False,True,True,False,30,70,42.04893785018219,2.8333333333333335,115.5532463684254,10.189501107937327,0.4040660741838398
True,False,False,True,False,False,False,40,60,41.98351823039984,2.1666666666666665,-25.644628894118814,39.85288215476048,111.74230143055786
False,True,True,False,False,True,False,30,70,41.905654494629026,0.5,23.287881261372934,83.35117239374266,19.07790982877149
False,True,False,False,False,False,False,40,60,41.8001886833765,70.16666666666667,84.48838797884206,23.442088986698906,17.470089084588537
True,True,False,True,False,False,True,40,60,41.40927162343539,1.0,-2.9996892699440725,0.0,127.22750414025023
False,False,False,False,False,True,False,20,80,41.40368944843318,2.3333333333333335,90.3701873022025,17.435267751827134,16.405613291269905
True,True,False,False,False,False,True,40,60,39.20704504100458,8.333333333333334,4.725347409897007,26.20348529894514,86.69230241417158
True,False,False,False,False,False,True,30,70,39.01172720793391,7.5,68.01299736242088,-0.12862053575897203,49.15080479713983
True,False,False,False,True,False,True,40,60,38.42627682412978,8.166666666666666,30.460779887572098,-9.236103851165279,94.05415443598253
True,False,False,False,False,True,False,30,70,37.1674503769589,1.0,65.22232931519272,0.0,46.28002181568398
True,False,False,False,False,True,False,40,60,35.47366489997278,2.6666666666666665,37.10564336319773,9.62583803634014,59.68951330038048
False,False,False,False,False,False,True,30,70,34.179703007184905,35.666666666666664,9.607085036771856,29.971306277087105,62.96071770769576
False,True,True,False,True,True,False,30,70,34.14302740750472,0.3333333333333333,0.0,83.35117239374266,19.07790982877149
False,True,True,False,True,True,True,30,70,34.14302740750472,0.3333333333333333,0.0,83.35117239374266,19.07790982877149
False,True,True,False,False,True,True,30,70,34.14302740750472,0.3333333333333333,0.0,83.35117239374266,19.07790982877149
True,False,False,True,True,False,False,40,60,33.1154561323805,1.1666666666666667,-27.171380192021243,-0.7097555510874876,127.22750414025023
True,True,False,True,True,False,False,40,60,33.1154561323805,1.1666666666666667,-27.171380192021243,-0.7097555510874876,127.22750414025023
True,True,False,False,True,False,True,30,70,31.335349774055558,4.0,39.13247635907169,-2.771822780802302,57.64539574389729
True,True,True,False,True,False,False,20,80,30.77915157209821,1.1666666666666667,-13.750008996498941,25.737070662973814,80.35039304981977
True,True,True,False,True,False,True,20,80,30.77915157209821,1.1666666666666667,-13.750008996498941,25.737070662973814,80.35039304981977
False,True,False,False,False,False,True,20,80,29.631492384632196,17.166666666666668,-44.68614939175656,39.97170234597267,93.60892419968047
True,False,False,False,True,True,False,30,70,26.764486875454363,0.8333333333333334,34.013438810679105,0.0,46.28002181568398
True,False,False,False,True,True,True,30,70,26.764486875454363,0.8333333333333334,34.013438810679105,0.0,46.28002181568398
True,False,False,False,False,True,True,30,70,26.764486875454363,0.8333333333333334,34.013438810679105,0.0,46.28002181568398
False,False,False,False,False,True,False,30,70,25.841913622934637,6.0,100.94368347971981,-21.93079937244835,-1.4871432384675476
True,True,False,False,True,False,False,40,60,25.768332085085436,8.5,-49.094319435507074,8.534351067829625,117.86496462293377
False,True,False,False,False,True,False,30,70,25.677240674889074,3.5,70.98288492186575,6.254900145675624,-0.20606304287416055
False,True,False,False,False,True,True,30,70,25.411099759670456,2.5,50.9859995511611,24.167699324100766,1.0796004037495033
True,True,False,False,False,False,True,30,70,24.770532680991064,6.0,47.950745813919646,-1.602168941168014,27.96302117022156
False,True,True,False,True,False,True,20,80,23.112010084517827,1.5,-13.750008996498941,2.7356462002326554,80.35039304981977
False,False,False,True,False,False,False,20,80,22.884006549961864,5.666666666666667,64.63195086817134,2.6941060706189734,1.3259627110952632
False,True,True,False,True,False,False,20,80,22.84757377291987,1.6666666666666667,-14.54331793129282,2.7356462002326554,80.35039304981977
False,True,False,False,False,False,False,30,70,20.592177555952716,50.5,14.196275738295295,41.1026353050866,6.477621624476249
True,False,False,True,True,False,True,20,80,20.17772047004814,0.16666666666666666,0.0,0.0,60.53316141014442
True,False,False,True,True,False,False,20,80,20.17772047004814,0.16666666666666666,0.0,0.0,60.53316141014442
True,True,False,True,True,False,False,20,80,20.17772047004814,0.16666666666666666,0.0,0.0,60.53316141014442
True,True,False,True,True,False,True,20,80,20.17772047004814,0.16666666666666666,0.0,0.0,60.53316141014442
True,True,False,True,True,False,True,30,70,20.17772047004814,0.16666666666666666,0.0,0.0,60.53316141014442
True,False,False,True,True,False,True,30,70,20.17772047004814,0.16666666666666666,0.0,0.0,60.53316141014442
False,False,False,False,False,True,True,30,70,20.103818170512092,4.0,33.18295492128136,24.167699324100766,2.960800266154151
False,True,False,False,False,True,False,20,80,20.04187213426615,0.8333333333333334,27.854811096028964,32.27080530676949,0.0
True,False,False,True,True,False,False,30,70,19.94113528635231,0.5,0.0,-0.7097555510874876,60.53316141014442
True,True,False,True,True,False,False,30,70,19.94113528635231,0.5,0.0,-0.7097555510874876,60.53316141014442
False,False,False,False,True,False,False,40,60,18.78130901863136,37.333333333333336,74.56832248118911,-44.69260420844725,26.468208783152214
False,False,False,False,True,False,True,30,70,17.618505082655055,17.333333333333332,-10.090715310575128,4.133837715217981,58.812392843322314
True,False,False,True,False,False,False,30,70,15.74885109509504,1.8333333333333333,-19.49843407596473,39.85288215476048,26.89210520648937
False,False,False,False,False,False,True,40,60,15.63099002433772,47.666666666666664,5.128330418185789,-1.3530466342799086,43.11768628910728
True,True,False,False,True,False,True,40,60,14.689754670841527,7.5,-31.755078504768587,-5.587233869554497,81.41157638684766
True,True,False,False,False,True,False,30,70,14.121930363381473,0.3333333333333333,23.287881261372934,0.0,19.07790982877149
True,True,True,False,False,True,False,30,70,14.121930363381473,0.3333333333333333,23.287881261372934,0.0,19.07790982877149
False,False,False,True,False,False,True,40,60,13.967996077444885,3.3333333333333335,18.0260149289154,9.298703493511695,14.579269809907558
False,True,True,False,True,True,False,20,80,13.733794299189075,0.0,0.0,41.20138289756723,0.0
False,True,True,False,True,True,True,20,80,13.733794299189075,0.0,0.0,41.20138289756723,0.0
False,True,True,False,False,True,True,20,80,13.733794299189075,0.0,0.0,41.20138289756723,0.0
False,True,True,False,False,True,False,20,80,13.733794299189075,0.0,0.0,41.20138289756723,0.0
True,True,False,True,False,False,False,30,70,13.366835491115122,1.1666666666666667,-19.49843407596473,29.657452417202236,29.941488132107864
False,False,False,True,False,False,False,40,60,13.02766717730659,9.0,49.317633560945964,-11.636451909379453,1.401819880353261
True,False,False,True,False,False,True,30,70,12.601615398017,0.6666666666666666,0.0,7.863358061943138,29.941488132107864
False,False,False,False,True,False,True,40,60,11.298100570106605,27.166666666666668,8.033334222617516,-41.94540397057362,67.80637145827593
True,False,False,True,False,False,True,20,80,9.980496044035954,0.3333333333333333,0.0,0.0,29.941488132107864
True,True,False,True,False,False,True,20,80,9.980496044035954,0.3333333333333333,0.0,0.0,29.941488132107864
True,True,False,True,False,False,True,30,70,9.980496044035954,0.3333333333333333,0.0,0.0,29.941488132107864
False,False,False,True,False,False,True,30,70,8.971563872660832,2.3333333333333335,19.376411373121872,9.298703493511695,-1.7604232486510663
False,True,False,True,True,False,True,20,80,8.655008362536682,0.8333333333333334,-45.523923864893746,0.0,71.48894895250379
False,False,False,False,True,False,False,30,70,6.85517520039028,22.666666666666668,33.00133474773459,-35.924886422070415,23.489077275506666
False,True,False,False,True,False,False,30,70,6.833846716254093,20.0,-29.796830248046657,16.14552670755849,34.152843689250446
True,True,False,False,True,True,False,30,70,6.359303276257163,0.16666666666666666,0.0,0.0,19.07790982877149
True,True,True,False,False,True,True,30,70,6.359303276257163,0.16666666666666666,0.0,0.0,19.07790982877149
True,True,False,False,False,True,True,30,70,6.359303276257163,0.16666666666666666,0.0,0.0,19.07790982877149
True,True,False,False,True,True,True,30,70,6.359303276257163,0.16666666666666666,0.0,0.0,19.07790982877149
True,True,True,False,True,True,True,30,70,6.359303276257163,0.16666666666666666,0.0,0.0,19.07790982877149
True,True,True,False,True,True,False,30,70,6.359303276257163,0.16666666666666666,0.0,0.0,19.07790982877149
True,True,False,True,False,False,False,20,80,5.689053976272059,1.1666666666666667,-28.574032012892648,15.69970580960096,29.941488132107864
False,True,False,False,True,False,True,30,70,5.194951196955181,15.166666666666666,-17.589621618284955,-0.9405586808411637,34.115033889991665
False,False,False,True,False,False,False,30,70,4.735783142192344,7.0,29.172590744350856,-11.636451909379453,-3.3287894083943725
False,True,False,True,False,False,False,20,80,3.566820847186721,4.5,8.76119431324993,4.957944470287257,-3.018676241977025
True,True,True,True,True,False,False,30,70,2.957512002166622,0.3333333333333333,0.0,8.872536006499864,0.0
False,False,True,True,True,False,False,30,70,2.957512002166622,0.3333333333333333,0.0,8.872536006499864,0.0
False,True,True,True,True,False,False,30,70,2.957512002166622,0.3333333333333333,0.0,8.872536006499864,0.0
True,False,True,True,True,False,False,30,70,2.957512002166622,0.3333333333333333,0.0,8.872536006499864,0.0
True,False,False,True,False,False,False,20,80,2.3628970229465973,1.5,-28.574032012892648,8.770617875243069,26.89210520648937
True,False,True,True,False,True,False,30,70,0.0,0.0,0.0,0.0,0.0
True,False,True,True,False,True,False,40,60,0.0,0.0,0.0,0.0,0.0
False,True,True,True,True,False,True,20,80,0.0,0.0,0.0,0.0,0.0
False,True,True,True,True,False,True,30,70,0.0,0.0,0.0,0.0,0.0
True,False,True,True,False,False,True,20,80,0.0,0.0,0.0,0.0,0.0
False,True,True,True,True,True,True,30,70,0.0,0.0,0.0,0.0,0.0
False,True,True,True,True,True,True,20,80,0.0,0.0,0.0,0.0,0.0
False,True,True,True,True,True,False,30,70,0.0,0.0,0.0,0.0,0.0
False,True,True,True,True,True,False,20,80,0.0,0.0,0.0,0.0,0.0
False,True,True,True,True,True,True,40,60,0.0,0.0,0.0,0.0,0.0
True,False,False,True,True,True,True,20,80,0.0,0.0,0.0,0.0,0.0
False,True,True,True,False,True,True,20,80,0.0,0.0,0.0,0.0,0.0
False,True,True,True,False,True,False,20,80,0.0,0.0,0.0,0.0,0.0
True,False,False,True,False,True,False,20,80,0.0,0.0,0.0,0.0,0.0
False,True,True,True,False,True,True,30,70,0.0,0.0,0.0,0.0,0.0
False,True,True,True,False,True,True,40,60,0.0,0.0,0.0,0.0,0.0
True,True,True,True,True,False,True,30,70,0.0,0.0,0.0,0.0,0.0
True,True,True,True,True,False,True,40,60,0.0,0.0,0.0,0.0,0.0
True,True,True,True,False,True,False,20,80,0.0,0.0,0.0,0.0,0.0
True,False,False,True,False,True,False,30,70,0.0,0.0,0.0,0.0,0.0
True,False,False,True,False,True,False,40,60,0.0,0.0,0.0,0.0,0.0
True,False,False,True,True,True,False,40,60,0.0,0.0,0.0,0.0,0.0
True,False,False,True,True,True,False,30,70,0.0,0.0,0.0,0.0,0.0
True,False,False,True,True,True,False,20,80,0.0,0.0,0.0,0.0,0.0
True,False,False,True,True,True,True,40,60,0.0,0.0,0.0,0.0,0.0
True,False,False,True,True,True,True,30,70,0.0,0.0,0.0,0.0,0.0
True,True,True,True,False,True,True,40,60,0.0,0.0,0.0,0.0,0.0
True,True,True,True,True,False,False,20,80,0.0,0.0,0.0,0.0,0.0
True,True,True,True,False,True,True,20,80,0.0,0.0,0.0,0.0,0.0
True,True,True,True,False,True,True,30,70,0.0,0.0,0.0,0.0,0.0
True,True,True,True,True,True,False,30,70,0.0,0.0,0.0,0.0,0.0
True,True,True,True,True,True,False,20,80,0.0,0.0,0.0,0.0,0.0
True,True,True,True,True,True,True,40,60,0.0,0.0,0.0,0.0,0.0
True,True,True,True,True,True,True,30,70,0.0,0.0,0.0,0.0,0.0
True,True,True,True,True,True,False,40,60,0.0,0.0,0.0,0.0,0.0
True,True,True,True,True,False,True,20,80,0.0,0.0,0.0,0.0,0.0
False,True,True,True,True,False,True,40,60,0.0,0.0,0.0,0.0,0.0
False,True,True,True,True,True,False,40,60,0.0,0.0,0.0,0.0,0.0
False,True,True,True,True,False,False,20,80,0.0,0.0,0.0,0.0,0.0
True,False,False,True,False,True,True,40,60,0.0,0.0,0.0,0.0,0.0
True,False,False,True,False,True,True,30,70,0.0,0.0,0.0,0.0,0.0
True,False,False,True,False,True,True,20,80,0.0,0.0,0.0,0.0,0.0
False,True,False,True,True,True,True,30,70,0.0,0.0,0.0,0.0,0.0
False,True,False,True,True,True,True,40,60,0.0,0.0,0.0,0.0,0.0
False,True,False,True,True,True,False,20,80,0.0,0.0,0.0,0.0,0.0
False,True,False,True,True,True,False,30,70,0.0,0.0,0.0,0.0,0.0
False,True,False,True,True,True,False,40,60,0.0,0.0,0.0,0.0,0.0
False,True,False,True,False,True,True,20,80,0.0,0.0,0.0,0.0,0.0
True,False,True,True,True,True,True,40,60,0.0,0.0,0.0,0.0,0.0
True,False,True,True,True,True,False,20,80,0.0,0.0,0.0,0.0,0.0
True,False,True,True,True,False,False,20,80,0.0,0.0,0.0,0.0,0.0
True,False,True,True,True,False,True,40,60,0.0,0.0,0.0,0.0,0.0
True,False,True,True,True,False,True,30,70,0.0,0.0,0.0,0.0,0.0
False,True,True,True,False,False,True,30,70,0.0,0.0,0.0,0.0,0.0
False,True,True,True,False,False,True,20,80,0.0,0.0,0.0,0.0,0.0
False,True,True,True,False,True,False,40,60,0.0,0.0,0.0,0.0,0.0
False,True,True,True,False,True,False,30,70,0.0,0.0,0.0,0.0,0.0
True,False,True,True,False,True,True,20,80,0.0,0.0,0.0,0.0,0.0
False,False,True,True,False,True,True,40,60,0.0,0.0,0.0,0.0,0.0
False,False,True,True,False,True,False,20,80,0.0,0.0,0.0,0.0,0.0
False,False,False,True,True,True,False,40,60,0.0,0.0,0.0,0.0,0.0
False,False,False,True,True,True,False,30,70,0.0,0.0,0.0,0.0,0.0
False,False,False,True,True,True,False,20,80,0.0,0.0,0.0,0.0,0.0
False,False,False,True,True,True,True,40,60,0.0,0.0,0.0,0.0,0.0
False,False,False,True,True,True,True,30,70,0.0,0.0,0.0,0.0,0.0
False,False,False,True,True,True,True,20,80,0.0,0.0,0.0,0.0,0.0
False,False,False,True,False,True,True,20,80,0.0,0.0,0.0,0.0,0.0
False,False,False,True,False,True,True,30,70,0.0,0.0,0.0,0.0,0.0
False,True,False,True,True,True,True,20,80,0.0,0.0,0.0,0.0,0.0
True,True,False,False,False,True,False,20,80,0.0,0.0,0.0,0.0,0.0
True,True,False,False,False,True,True,20,80,0.0,0.0,0.0,0.0,0.0
True,False,True,True,False,True,False,20,80,0.0,0.0,0.0,0.0,0.0
True,False,True,True,False,True,True,40,60,0.0,0.0,0.0,0.0,0.0
True,False,True,True,False,True,True,30,70,0.0,0.0,0.0,0.0,0.0
False,False,False,True,False,True,False,20,80,0.0,0.0,0.0,0.0,0.0
False,False,False,True,False,True,True,40,60,0.0,0.0,0.0,0.0,0.0
True,False,True,True,True,True,False,30,70,0.0,0.0,0.0,0.0,0.0
True,False,True,True,True,True,False,40,60,0.0,0.0,0.0,0.0,0.0
True,False,True,True,True,False,True,20,80,0.0,0.0,0.0,0.0,0.0
True,False,True,True,True,True,True,30,70,0.0,0.0,0.0,0.0,0.0
False,True,False,True,False,True,False,20,80,0.0,0.0,0.0,0.0,0.0
True,False,True,True,True,True,True,20,80,0.0,0.0,0.0,0.0,0.0
False,True,False,True,False,True,True,40,60,0.0,0.0,0.0,0.0,0.0
False,True,False,True,False,True,True,30,70,0.0,0.0,0.0,0.0,0.0
False,False,True,True,True,True,False,20,80,0.0,0.0,0.0,0.0,0.0
False,False,True,True,True,True,False,30,70,0.0,0.0,0.0,0.0,0.0
True,True,False,False,True,True,True,20,80,0.0,0.0,0.0,0.0,0.0
False,False,True,True,False,True,True,30,70,0.0,0.0,0.0,0.0,0.0
False,False,True,True,False,True,True,20,80,0.0,0.0,0.0,0.0,0.0
False,False,True,True,True,False,False,20,80,0.0,0.0,0.0,0.0,0.0
True,True,False,True,True,True,False,40,60,0.0,0.0,0.0,0.0,0.0
False,False,True,True,False,False,True,20,80,0.0,0.0,0.0,0.0,0.0
True,True,False,True,False,True,True,20,80,0.0,0.0,0.0,0.0,0.0
True,True,False,True,False,True,False,40,60,0.0,0.0,0.0,0.0,0.0
True,True,False,True,False,True,False,30,70,0.0,0.0,0.0,0.0,0.0
False,False,True,True,True,True,True,40,60,0.0,0.0,0.0,0.0,0.0
False,False,True,True,True,True,True,30,70,0.0,0.0,0.0,0.0,0.0
False,False,True,True,True,True,True,20,80,0.0,0.0,0.0,0.0,0.0
False,False,True,True,True,True,False,40,60,0.0,0.0,0.0,0.0,0.0
False,False,True,True,True,False,True,20,80,0.0,0.0,0.0,0.0,0.0
False,False,True,True,True,False,True,30,70,0.0,0.0,0.0,0.0,0.0
False,False,True,True,True,False,True,40,60,0.0,0.0,0.0,0.0,0.0
True,True,False,False,True,True,False,20,80,0.0,0.0,0.0,0.0,0.0
True,True,False,True,True,True,True,30,70,0.0,0.0,0.0,0.0,0.0
True,True,False,True,True,True,True,40,60,0.0,0.0,0.0,0.0,0.0
True,True,False,True,True,True,False,30,70,0.0,0.0,0.0,0.0,0.0
True,True,False,True,False,True,True,30,70,0.0,0.0,0.0,0.0,0.0
True,True,False,True,False,True,True,40,60,0.0,0.0,0.0,0.0,0.0
True,True,False,True,False,True,False,20,80,0.0,0.0,0.0,0.0,0.0
True,True,True,False,False,True,True,20,80,0.0,0.0,0.0,0.0,0.0
True,True,True,False,False,True,False,20,80,0.0,0.0,0.0,0.0,0.0
True,True,False,True,True,True,True,20,80,0.0,0.0,0.0,0.0,0.0
False,False,True,True,False,True,False,40,60,0.0,0.0,0.0,0.0,0.0
False,False,True,True,False,True,False,30,70,0.0,0.0,0.0,0.0,0.0
True,True,False,True,True,True,False,20,80,0.0,0.0,0.0,0.0,0.0
True,True,True,True,False,True,False,40,60,0.0,0.0,0.0,0.0,0.0
True,True,True,True,False,True,False,30,70,0.0,0.0,0.0,0.0,0.0
True,True,True,True,False,False,True,30,70,0.0,0.0,0.0,0.0,0.0
True,True,True,False,True,True,True,20,80,0.0,0.0,0.0,0.0,0.0
True,True,True,False,True,True,False,20,80,0.0,0.0,0.0,0.0,0.0
True,True,True,True,False,False,True,20,80,0.0,0.0,0.0,0.0,0.0
True,True,True,True,True,True,True,20,80,0.0,0.0,0.0,0.0,0.0
False,True,False,True,False,True,False,30,70,-0.29513286099472535,0.3333333333333333,0.0,-0.885398582984176,0.0
False,True,False,True,False,True,False,40,60,-0.29513286099472535,0.3333333333333333,0.0,-0.885398582984176,0.0
False,False,False,True,False,False,True,20,80,-1.366484526633486,1.6666666666666667,8.251342045058617,-12.962193708573622,0.611398083614545
False,False,False,True,True,False,True,20,80,-2.4391044029314246,0.8333333333333334,-35.763347395228415,0.0,28.446034186434144
False,False,False,True,True,False,False,20,80,-2.99899294608524,0.8333333333333334,-35.763347395228415,0.0,26.766368556972697
False,False,False,True,True,False,True,40,60,-3.1579769960299173,1.1666666666666667,-24.905727227486384,0.0,15.431796239396633
False,False,True,True,False,False,True,30,70,-4.4588337871644255,0.3333333333333333,0.0,-13.376501361493276,0.0
True,False,True,True,False,False,True,30,70,-4.4588337871644255,0.3333333333333333,0.0,-13.376501361493276,0.0
False,True,False,True,True,False,True,40,60,-5.658028408797891,1.1666666666666667,-36.31608816798746,0.0,19.342002941593783
False,True,False,True,True,False,False,20,80,-6.252518435973682,0.8333333333333334,-45.523923864893746,0.0,26.766368556972697
False,True,False,True,True,False,False,40,60,-6.346488650809623,1.8333333333333333,-34.193287408299334,-4.1881814857233195,19.342002941593783
False,False,True,True,True,False,False,40,60,-6.717680772955155,0.5,-27.171380192021243,7.018337873155778,0.0
True,False,True,True,True,False,False,40,60,-6.717680772955155,0.5,-27.171380192021243,7.018337873155778,0.0
False,True,True,True,True,False,False,40,60,-6.717680772955155,0.5,-27.171380192021243,7.018337873155778,0.0
True,True,True,True,True,False,False,40,60,-6.717680772955155,0.5,-27.171380192021243,7.018337873155778,0.0
False,False,False,True,True,False,False,40,60,-6.923043212185702,1.8333333333333333,-32.01274439023042,-4.1881814857233195,15.431796239396633
False,True,False,True,False,False,False,30,70,-8.191624039838212,5.833333333333333,-9.9118185260205,-9.358131688481318,-5.304921905012816
False,False,False,True,True,False,True,30,70,-8.645066481120304,0.8333333333333334,-24.905727227486384,0.0,-1.0294722158745273
False,True,False,True,False,False,True,40,60,-8.741994610316727,2.5,-40.637507638604006,0.7231005511117772,13.688423256542048
False,True,False,True,False,False,False,40,60,-8.81500788315193,7.833333333333333,-10.20323662666549,-11.992925797788468,-4.248861225001832
False,False,False,True,False,True,False,40,60,-8.91022250163002,0.3333333333333333,0.0,-26.73066750489006,0.0
False,False,False,True,False,True,False,30,70,-8.91022250163002,0.3333333333333333,0.0,-26.73066750489006,0.0
False,True,False,False,True,False,True,40,60,-10.118699477839451,21.833333333333332,-14.548543766431388,-56.761033775018845,40.95347910793188
False,True,False,False,True,False,False,40,60,-11.76870308864439,31.333333333333332,-34.63253263906415,-42.370279960990075,41.696703334121054
False,True,False,True,True,False,False,30,70,-12.130007573668633,1.1666666666666667,-31.172369019408052,-4.1881814857233195,-1.0294722158745273
False,False,False,True,True,False,False,30,70,-12.130007573668633,1.1666666666666667,-31.172369019408052,-4.1881814857233195,-1.0294722158745273
False,True,False,True,True,False,True,30,70,-12.448520127953994,0.8333333333333334,-36.31608816798746,0.0,-1.0294722158745273
False,True,False,True,False,False,True,30,70,-13.855959517355101,1.8333333333333333,-41.26150688730256,0.7231005511117772,-1.0294722158745273
False,True,False,False,False,False,True,30,70,-15.676969279952646,25.833333333333332,-77.98523885362589,-6.361187664736889,37.315518678504844
False,True,False,False,False,False,True,40,60,-17.646316419308228,33.833333333333336,-59.91595773258478,-38.576949995656726,45.55395847031682
False,True,False,True,False,False,True,20,80,-19.445910623214623,1.5,-46.735534801094005,-12.962193708573622,1.3599966400237529
